{
    "info": {
        "description": "FMIPA UGM Dataset",
        "url": "http://fmipa.ugm.ac.id",
        "version": "1.0",
        "year": 2014,
        "contributor": "FMIPA UGM",
        "date_created": "2021/03/04"
    },
    "images": [
        {
            "file_name": "frame117.jpg",
            "license": 1,
            "height": 1080,
            "width": 1920,
            "date_captured": "2019-12-16",
            "id": 0
        },
        {
            "file_name": "frame140.jpg",
            "license": 1,
            "height": 1080,
            "width": 1920,
            "date_captured": "2019-12-16",
            "id": 1
        },
        {
            "file_name": "frame138.jpg",
            "license": 1,
            "height": 1080,
            "width": 1920,
            "date_captured": "2019-12-16",
            "id": 2
        },
        {
            "file_name": "frame134.jpg",
            "license": 1,
            "height": 1080,
            "width": 1920,
            "date_captured": "2019-12-16",
            "id": 3
        },
        {
            "file_name": "frame118.jpg",
            "license": 1,
            "height": 1080,
            "width": 1920,
            "date_captured": "2019-12-16",
            "id": 4
        },
        {
            "file_name": "frame136.jpg",
            "license": 1,
            "height": 1080,
            "width": 1920,
            "date_captured": "2019-12-16",
            "id": 5
        },
        {
            "file_name": "frame146.jpg",
            "license": 1,
            "height": 1080,
            "width": 1920,
            "date_captured": "2019-12-16",
            "id": 6
        },
        {
            "file_name": "frame111.jpg",
            "license": 1,
            "height": 1080,
            "width": 1920,
            "date_captured": "2019-12-16",
            "id": 7
        },
        {
            "file_name": "frame132.jpg",
            "license": 1,
            "height": 1080,
            "width": 1920,
            "date_captured": "2019-12-16",
            "id": 8
        },
        {
            "file_name": "frame128.jpg",
            "license": 1,
            "height": 1080,
            "width": 1920,
            "date_captured": "2019-12-16",
            "id": 9
        },
        {
            "file_name": "frame147.jpg",
            "license": 1,
            "height": 1080,
            "width": 1920,
            "date_captured": "2019-12-16",
            "id": 10
        },
        {
            "file_name": "frame127.jpg",
            "license": 1,
            "height": 1080,
            "width": 1920,
            "date_captured": "2019-12-16",
            "id": 11
        },
        {
            "file_name": "frame145.jpg",
            "license": 1,
            "height": 1080,
            "width": 1920,
            "date_captured": "2019-12-16",
            "id": 12
        },
        {
            "file_name": "frame119.jpg",
            "license": 1,
            "height": 1080,
            "width": 1920,
            "date_captured": "2019-12-16",
            "id": 13
        },
        {
            "file_name": "frame135.jpg",
            "license": 1,
            "height": 1080,
            "width": 1920,
            "date_captured": "2019-12-16",
            "id": 14
        },
        {
            "file_name": "frame121.jpg",
            "license": 1,
            "height": 1080,
            "width": 1920,
            "date_captured": "2019-12-16",
            "id": 15
        },
        {
            "file_name": "frame112.jpg",
            "license": 1,
            "height": 1080,
            "width": 1920,
            "date_captured": "2019-12-16",
            "id": 16
        },
        {
            "file_name": "frame120.jpg",
            "license": 1,
            "height": 1080,
            "width": 1920,
            "date_captured": "2019-12-16",
            "id": 17
        },
        {
            "file_name": "frame148.jpg",
            "license": 1,
            "height": 1080,
            "width": 1920,
            "date_captured": "2019-12-16",
            "id": 18
        },
        {
            "file_name": "frame114.jpg",
            "license": 1,
            "height": 1080,
            "width": 1920,
            "date_captured": "2019-12-16",
            "id": 19
        },
        {
            "file_name": "frame131.jpg",
            "license": 1,
            "height": 1080,
            "width": 1920,
            "date_captured": "2019-12-16",
            "id": 20
        },
        {
            "file_name": "frame125.jpg",
            "license": 1,
            "height": 1080,
            "width": 1920,
            "date_captured": "2019-12-16",
            "id": 21
        },
        {
            "file_name": "frame144.jpg",
            "license": 1,
            "height": 1080,
            "width": 1920,
            "date_captured": "2019-12-16",
            "id": 22
        },
        {
            "file_name": "frame124.jpg",
            "license": 1,
            "height": 1080,
            "width": 1920,
            "date_captured": "2019-12-16",
            "id": 23
        },
        {
            "file_name": "frame142.jpg",
            "license": 1,
            "height": 1080,
            "width": 1920,
            "date_captured": "2019-12-16",
            "id": 24
        },
        {
            "file_name": "frame137.jpg",
            "license": 1,
            "height": 1080,
            "width": 1920,
            "date_captured": "2019-12-16",
            "id": 25
        },
        {
            "file_name": "frame122.jpg",
            "license": 1,
            "height": 1080,
            "width": 1920,
            "date_captured": "2019-12-16",
            "id": 26
        },
        {
            "file_name": "frame139.jpg",
            "license": 1,
            "height": 1080,
            "width": 1920,
            "date_captured": "2019-12-16",
            "id": 27
        },
        {
            "file_name": "frame130.jpg",
            "license": 1,
            "height": 1080,
            "width": 1920,
            "date_captured": "2019-12-16",
            "id": 28
        },
        {
            "file_name": "frame116.jpg",
            "license": 1,
            "height": 1080,
            "width": 1920,
            "date_captured": "2019-12-16",
            "id": 29
        },
        {
            "file_name": "frame150.jpg",
            "license": 1,
            "height": 1080,
            "width": 1920,
            "date_captured": "2019-12-16",
            "id": 30
        },
        {
            "file_name": "frame141.jpg",
            "license": 1,
            "height": 1080,
            "width": 1920,
            "date_captured": "2019-12-16",
            "id": 31
        },
        {
            "file_name": "frame123.jpg",
            "license": 1,
            "height": 1080,
            "width": 1920,
            "date_captured": "2019-12-16",
            "id": 32
        },
        {
            "file_name": "frame143.jpg",
            "license": 1,
            "height": 1080,
            "width": 1920,
            "date_captured": "2019-12-16",
            "id": 33
        },
        {
            "file_name": "frame126.jpg",
            "license": 1,
            "height": 1080,
            "width": 1920,
            "date_captured": "2019-12-16",
            "id": 34
        },
        {
            "file_name": "frame113.jpg",
            "license": 1,
            "height": 1080,
            "width": 1920,
            "date_captured": "2019-12-16",
            "id": 35
        },
        {
            "file_name": "frame115.jpg",
            "license": 1,
            "height": 1080,
            "width": 1920,
            "date_captured": "2019-12-16",
            "id": 36
        },
        {
            "file_name": "frame133.jpg",
            "license": 1,
            "height": 1080,
            "width": 1920,
            "date_captured": "2019-12-16",
            "id": 37
        },
        {
            "file_name": "frame129.jpg",
            "license": 1,
            "height": 1080,
            "width": 1920,
            "date_captured": "2019-12-16",
            "id": 38
        },
        {
            "file_name": "frame149.jpg",
            "license": 1,
            "height": 1080,
            "width": 1920,
            "date_captured": "2019-12-16",
            "id": 39
        },
        {
            "file_name": "frame110.jpg",
            "license": 1,
            "height": 1080,
            "width": 1920,
            "date_captured": "2019-12-16",
            "id": 40
        }
    ],
    "licenses": [
        {
            "url": "http://creativecommons.org/licenses/by-nc-sa/2.0/",
            "id": 1,
            "name": "Attribution-NonCommercial-ShareAlike License"
        },
        {
            "url": "http://creativecommons.org/licenses/by-nc/2.0/",
            "id": 2,
            "name": "Attribution-NonCommercial License"
        },
        {
            "url": "http://creativecommons.org/licenses/by-nc-nd/2.0/",
            "id": 3,
            "name": "Attribution-NonCommercial-NoDerivs License"
        },
        {
            "url": "http://creativecommons.org/licenses/by/2.0/",
            "id": 4,
            "name": "Attribution License"
        },
        {
            "url": "http://creativecommons.org/licenses/by-sa/2.0/",
            "id": 5,
            "name": "Attribution-ShareAlike License"
        },
        {
            "url": "http://creativecommons.org/licenses/by-nd/2.0/",
            "id": 6,
            "name": "Attribution-NoDerivs License"
        },
        {
            "url": "http://flickr.com/commons/usage/",
            "id": 7,
            "name": "No known copyright restrictions"
        },
        {
            "url": "http://www.usa.gov/copyright.shtml",
            "id": 8,
            "name": "United States Government Work"
        },
        {
            "url": "Unknow",
            "id": 0,
            "name": "Unknow"
        }
    ],
    "annotations": [
        {
            "image_id": 0,
            "label_id": 0,
            "id": 1,
            "segmentation": [
                [
                    1048.936170212766,
                    359.5744680851064,
                    1104.9645390070923,
                    368.0851063829787,
                    1102.1276595744682,
                    385.81560283687946,
                    1047.5177304964539,
                    378.01418439716315
                ]
            ],
            "iscrowd": 0,
            "area": 1017.8059453750029,
            "bbox": [
                1047.0,
                359.0,
                57.0,
                26.0
            ],
            "caption": "AD 9428 JM"
        },
        {
            "image_id": 1,
            "label_id": 0,
            "id": 2,
            "segmentation": [
                [
                    1138.607594936709,
                    400.9493670886076,
                    1136.5506329113923,
                    421.04430379746833,
                    1073.892405063291,
                    411.55063291139237,
                    1076.740506329114,
                    391.77215189873414
                ]
            ],
            "iscrowd": 0,
            "area": 1264.207959461608,
            "bbox": [
                1073.0,
                391.0,
                65.0,
                30.0
            ],
            "caption": "AD 9428 JM"
        },
        {
            "image_id": 2,
            "label_id": 0,
            "id": 3,
            "segmentation": [
                [
                    1136.23417721519,
                    397.7848101265823,
                    1133.7025316455695,
                    416.9303797468354,
                    1071.993670886076,
                    408.54430379746833,
                    1074.8417721518988,
                    389.7151898734177
                ]
            ],
            "iscrowd": 0,
            "area": 1190.8147732735379,
            "bbox": [
                1071.0,
                389.0,
                65.0,
                27.0
            ],
            "caption": "AD 9428 JM"
        },
        {
            "image_id": 3,
            "label_id": 0,
            "id": 4,
            "segmentation": [
                [
                    1130.2540415704389,
                    391.68591224018473,
                    1070.9006928406466,
                    383.14087759815243,
                    1067.4364896073903,
                    401.1547344110854,
                    1127.4826789838337,
                    409.2378752886836
                ]
            ],
            "iscrowd": 0,
            "area": 1087.5571366852382,
            "bbox": [
                1067.0,
                383.0,
                63.0,
                26.0
            ],
            "caption": "AD 9428 JM"
        },
        {
            "image_id": 4,
            "label_id": 0,
            "id": 5,
            "segmentation": [
                [
                    1051.063829787234,
                    362.4113475177305,
                    1105.6737588652484,
                    369.5035460992908,
                    1104.2553191489362,
                    385.10638297872345,
                    1049.645390070922,
                    378.01418439716315
                ]
            ],
            "iscrowd": 0,
            "area": 862.1296715456992,
            "bbox": [
                1049.0,
                362.0,
                56.0,
                23.0
            ],
            "caption": "AD 9428 JM"
        },
        {
            "image_id": 5,
            "label_id": 0,
            "id": 6,
            "segmentation": [
                [
                    1134.517766497462,
                    395.43147208121826,
                    1073.6040609137056,
                    386.04060913705587,
                    1070.0507614213197,
                    405.3299492385787,
                    1130.7106598984772,
                    413.4517766497462
                ]
            ],
            "iscrowd": 0,
            "area": 1166.192120384425,
            "bbox": [
                1070.0,
                386.0,
                64.0,
                27.0
            ],
            "caption": "AD 9428 JM"
        },
        {
            "image_id": 6,
            "label_id": 0,
            "id": 7,
            "segmentation": [
                [
                    1150.9493670886075,
                    411.8670886075949,
                    1147.9430379746834,
                    432.12025316455697,
                    1082.2784810126582,
                    423.73417721518985,
                    1085.126582278481,
                    403.79746835443035
                ]
            ],
            "iscrowd": 0,
            "area": 1345.199587405892,
            "bbox": [
                1082.0,
                403.0,
                68.0,
                29.0
            ],
            "caption": "AD 9428 JM"
        },
        {
            "image_id": 7,
            "label_id": 0,
            "id": 8,
            "segmentation": [
                [
                    1047.986577181208,
                    349.66442953020135,
                    1096.979865771812,
                    356.71140939597313,
                    1095.9731543624162,
                    373.48993288590606,
                    1046.6442953020135,
                    365.7718120805369
                ]
            ],
            "iscrowd": 0,
            "area": 817.02400792751,
            "bbox": [
                1046.0,
                349.0,
                50.0,
                24.0
            ],
            "caption": "AD 9428 JM"
        },
        {
            "image_id": 8,
            "label_id": 0,
            "id": 9,
            "segmentation": [
                [
                    1125.1,
                    388.4,
                    1123.6,
                    406.2,
                    1064.6,
                    397.6,
                    1067.1,
                    378.2
                ]
            ],
            "iscrowd": 0,
            "area": 1106.9000000000233,
            "bbox": [
                1064.0,
                378.0,
                61.0,
                28.0
            ],
            "caption": "AD 9428 JM"
        },
        {
            "image_id": 9,
            "label_id": 0,
            "id": 10,
            "segmentation": [
                [
                    1061.5183246073298,
                    373.1675392670157,
                    1118.5863874345548,
                    381.151832460733,
                    1116.8848167539265,
                    398.1675392670157,
                    1060.4712041884816,
                    390.7068062827225
                ]
            ],
            "iscrowd": 0,
            "area": 990.9524821139639,
            "bbox": [
                1060.0,
                373.0,
                58.0,
                25.0
            ],
            "caption": "AD 9428 JM"
        },
        {
            "image_id": 10,
            "label_id": 0,
            "id": 11,
            "segmentation": [
                [
                    1153.391304347826,
                    414.2608695652174,
                    1150.608695652174,
                    435.1304347826087,
                    1082.9565217391305,
                    425.5652173913044,
                    1086.0869565217392,
                    405.39130434782606
                ]
            ],
            "iscrowd": 0,
            "area": 1412.0226843099808,
            "bbox": [
                1082.0,
                405.0,
                71.0,
                30.0
            ],
            "caption": "AD 9428 JM"
        },
        {
            "image_id": 11,
            "label_id": 0,
            "id": 12,
            "segmentation": [
                [
                    1060.8,
                    372.1,
                    1116.9,
                    378.9,
                    1116.1,
                    397.3,
                    1058.8,
                    389.9
                ]
            ],
            "iscrowd": 0,
            "area": 1036.2099999999627,
            "bbox": [
                1058.0,
                372.0,
                58.0,
                25.0
            ],
            "caption": "AD 9428 JM"
        },
        {
            "image_id": 12,
            "label_id": 0,
            "id": 13,
            "segmentation": [
                [
                    1149.2173913043478,
                    409.39130434782606,
                    1146.2608695652175,
                    430.95652173913044,
                    1080.1739130434783,
                    421.5652173913044,
                    1082.9565217391305,
                    401.04347826086956
                ]
            ],
            "iscrowd": 0,
            "area": 1417.98109640833,
            "bbox": [
                1080.0,
                401.0,
                69.0,
                29.0
            ],
            "caption": "AD 9428 JM"
        },
        {
            "image_id": 13,
            "label_id": 0,
            "id": 14,
            "segmentation": [
                [
                    1054.2372881355932,
                    361.864406779661,
                    1107.6271186440679,
                    368.6440677966102,
                    1105.9322033898306,
                    387.2881355932204,
                    1050.8474576271187,
                    379.66101694915255
                ]
            ],
            "iscrowd": 0,
            "area": 1006.5354783108924,
            "bbox": [
                1050.0,
                361.0,
                57.0,
                26.0
            ],
            "caption": "AD 9428 JM"
        },
        {
            "image_id": 14,
            "label_id": 0,
            "id": 15,
            "segmentation": [
                [
                    1132.3325635103927,
                    392.6096997690531,
                    1071.593533487298,
                    384.29561200923786,
                    1069.284064665127,
                    401.6166281755196,
                    1129.7921478060046,
                    410.6235565819861
                ]
            ],
            "iscrowd": 0,
            "area": 1092.0640677586198,
            "bbox": [
                1069.0,
                384.0,
                63.0,
                26.0
            ],
            "caption": "AD 9428 JM"
        },
        {
            "image_id": 15,
            "label_id": 0,
            "id": 16,
            "segmentation": [
                [
                    1109.6774193548388,
                    372.258064516129,
                    1054.8387096774193,
                    365.80645161290323,
                    1053.5483870967741,
                    381.93548387096774,
                    1107.0967741935483,
                    388.38709677419354
                ]
            ],
            "iscrowd": 0,
            "area": 886.5764828303363,
            "bbox": [
                1053.0,
                365.0,
                56.0,
                23.0
            ],
            "caption": "AD 9428 JM"
        },
        {
            "image_id": 16,
            "label_id": 0,
            "id": 17,
            "segmentation": [
                [
                    1049.032258064516,
                    351.61290322580646,
                    1099.3548387096773,
                    358.06451612903226,
                    1097.4193548387098,
                    375.48387096774195,
                    1045.1612903225807,
                    367.741935483871
                ]
            ],
            "iscrowd": 0,
            "area": 880.9573361082003,
            "bbox": [
                1045.0,
                351.0,
                54.0,
                24.0
            ],
            "caption": "AD 9428 JM"
        },
        {
            "image_id": 17,
            "label_id": 0,
            "id": 18,
            "segmentation": [
                [
                    1053.1914893617022,
                    364.5390070921986,
                    1107.0921985815603,
                    370.92198581560285,
                    1104.2553191489362,
                    388.6524822695036,
                    1050.3546099290782,
                    382.2695035460993
                ]
            ],
            "iscrowd": 0,
            "area": 973.7940747446846,
            "bbox": [
                1050.0,
                364.0,
                57.0,
                24.0
            ],
            "caption": "AD 9428 JM"
        },
        {
            "image_id": 18,
            "label_id": 0,
            "id": 19,
            "segmentation": [
                [
                    1155.8891454965358,
                    416.3972286374134,
                    1152.8868360277136,
                    438.1062355658199,
                    1084.9884526558892,
                    428.8683602771363,
                    1088.2217090069284,
                    406.9284064665127
                ]
            ],
            "iscrowd": 0,
            "area": 1508.4884979918133,
            "bbox": [
                1084.0,
                406.0,
                71.0,
                32.0
            ],
            "caption": "AD 9428 JM"
        },
        {
            "image_id": 19,
            "label_id": 0,
            "id": 20,
            "segmentation": [
                [
                    1049.7560975609756,
                    355.1219512195122,
                    1100.9756097560976,
                    361.95121951219517,
                    1099.0243902439026,
                    379.51219512195127,
                    1046.3414634146343,
                    370.7317073170732
                ]
            ],
            "iscrowd": 0,
            "area": 882.5698988697259,
            "bbox": [
                1046.0,
                355.0,
                54.0,
                24.0
            ],
            "caption": "AD 9428 JM"
        },
        {
            "image_id": 20,
            "label_id": 0,
            "id": 21,
            "segmentation": [
                [
                    1122.9,
                    386.0,
                    1122.1,
                    404.9,
                    1063.3,
                    396.2,
                    1065.3,
                    377.1
                ]
            ],
            "iscrowd": 0,
            "area": 1118.1199999999953,
            "bbox": [
                1063.0,
                377.0,
                59.0,
                27.0
            ],
            "caption": "AD 9428 JM"
        },
        {
            "image_id": 21,
            "label_id": 0,
            "id": 22,
            "segmentation": [
                [
                    1058.6134453781513,
                    370.7983193277311,
                    1114.9159663865546,
                    377.3109243697479,
                    1112.8151260504203,
                    395.1680672268908,
                    1057.142857142857,
                    388.02521008403363
                ]
            ],
            "iscrowd": 0,
            "area": 994.3242002683692,
            "bbox": [
                1057.0,
                370.0,
                57.0,
                25.0
            ],
            "caption": "AD 9428 JM"
        },
        {
            "image_id": 22,
            "label_id": 0,
            "id": 23,
            "segmentation": [
                [
                    1147.1518987341772,
                    408.06962025316454,
                    1144.620253164557,
                    427.8481012658228,
                    1078.7974683544303,
                    420.09493670886076,
                    1081.6455696202531,
                    400.0
                ]
            ],
            "iscrowd": 0,
            "area": 1330.4157987502404,
            "bbox": [
                1078.0,
                400.0,
                69.0,
                27.0
            ],
            "caption": "AD 9428 JM"
        },
        {
            "image_id": 23,
            "label_id": 0,
            "id": 24,
            "segmentation": [
                [
                    1057.6142131979695,
                    371.06598984771574,
                    1113.9593908629442,
                    377.4111675126904,
                    1111.9289340101523,
                    394.67005076142135,
                    1056.0913705583757,
                    386.5482233502538
                ]
            ],
            "iscrowd": 0,
            "area": 931.098456543521,
            "bbox": [
                1056.0,
                371.0,
                57.0,
                23.0
            ],
            "caption": "AD 9428 JM"
        },
        {
            "image_id": 24,
            "label_id": 0,
            "id": 25,
            "segmentation": [
                [
                    1144.4444444444443,
                    404.0,
                    1079.5555555555557,
                    396.44444444444446,
                    1076.4444444444443,
                    418.22222222222223,
                    1140.4444444444443,
                    424.0
                ]
            ],
            "iscrowd": 0,
            "area": 1369.876543209888,
            "bbox": [
                1076.0,
                396.0,
                68.0,
                28.0
            ],
            "caption": "AD 9428 JM"
        },
        {
            "image_id": 25,
            "label_id": 0,
            "id": 26,
            "segmentation": [
                [
                    1134.388489208633,
                    396.4028776978417,
                    1073.3812949640287,
                    387.76978417266184,
                    1070.7913669064749,
                    406.9064748201439,
                    1132.230215827338,
                    415.2517985611511
                ]
            ],
            "iscrowd": 0,
            "area": 1182.9511930024019,
            "bbox": [
                1070.0,
                387.0,
                64.0,
                28.0
            ],
            "caption": "AD 9428 JM"
        },
        {
            "image_id": 26,
            "label_id": 0,
            "id": 27,
            "segmentation": [
                [
                    1055.0,
                    366.5,
                    1111.0,
                    373.5,
                    1109.5,
                    390.0,
                    1053.5,
                    383.5
                ]
            ],
            "iscrowd": 0,
            "area": 948.125,
            "bbox": [
                1053.0,
                366.0,
                58.0,
                24.0
            ],
            "caption": "AD 9428 JM"
        },
        {
            "image_id": 27,
            "label_id": 0,
            "id": 28,
            "segmentation": [
                [
                    1075.1308900523559,
                    391.0994764397905,
                    1138.3507853403141,
                    399.6073298429319,
                    1136.2565445026178,
                    419.109947643979,
                    1072.2513089005236,
                    410.34031413612564
                ]
            ],
            "iscrowd": 0,
            "area": 1253.7690852773376,
            "bbox": [
                1072.0,
                391.0,
                66.0,
                28.0
            ],
            "caption": "AD 9428 JM"
        },
        {
            "image_id": 28,
            "label_id": 0,
            "id": 29,
            "segmentation": [
                [
                    1121.2025316455695,
                    384.8101265822785,
                    1118.987341772152,
                    402.6898734177215,
                    1061.5506329113923,
                    395.253164556962,
                    1063.2911392405063,
                    376.7405063291139
                ]
            ],
            "iscrowd": 0,
            "area": 1064.7832879346097,
            "bbox": [
                1061.0,
                376.0,
                60.0,
                26.0
            ],
            "caption": "AD 9428 JM"
        },
        {
            "image_id": 29,
            "label_id": 0,
            "id": 30,
            "segmentation": [
                [
                    1050.2673796791444,
                    358.8235294117647,
                    1102.139037433155,
                    364.70588235294116,
                    1102.6737967914437,
                    365.2406417112299,
                    1100.5347593582887,
                    381.283422459893,
                    1049.197860962567,
                    376.4705882352941
                ]
            ],
            "iscrowd": 0,
            "area": 895.0784980981844,
            "bbox": [
                1049.0,
                358.0,
                53.0,
                23.0
            ],
            "caption": "AD 9428 JM"
        },
        {
            "image_id": 30,
            "label_id": 0,
            "id": 31,
            "segmentation": [
                [
                    1160.9243697478992,
                    420.5882352941177,
                    1157.3529411764707,
                    442.436974789916,
                    1087.6050420168067,
                    432.3529411764706,
                    1091.1764705882354,
                    411.9747899159664
                ]
            ],
            "iscrowd": 0,
            "area": 1506.006814490538,
            "bbox": [
                1087.0,
                411.0,
                73.0,
                31.0
            ],
            "caption": "AD 9428 JM"
        },
        {
            "image_id": 31,
            "label_id": 0,
            "id": 32,
            "segmentation": [
                [
                    1142.6183844011143,
                    402.5069637883009,
                    1140.1114206128134,
                    422.84122562674094,
                    1074.9303621169918,
                    414.20612813370474,
                    1077.7158774373258,
                    394.70752089136494
                ]
            ],
            "iscrowd": 0,
            "area": 1317.1452735470375,
            "bbox": [
                1074.0,
                394.0,
                68.0,
                28.0
            ],
            "caption": "AD 9428 JM"
        },
        {
            "image_id": 32,
            "label_id": 0,
            "id": 33,
            "segmentation": [
                [
                    1056.824512534819,
                    368.8022284122563,
                    1111.699164345404,
                    376.3231197771588,
                    1110.0278551532033,
                    392.75766016713095,
                    1054.874651810585,
                    385.2367688022284
                ]
            ],
            "iscrowd": 0,
            "area": 917.7458275463432,
            "bbox": [
                1054.0,
                368.0,
                57.0,
                24.0
            ],
            "caption": "AD 9428 JM"
        },
        {
            "image_id": 33,
            "label_id": 0,
            "id": 34,
            "segmentation": [
                [
                    1145.253164556962,
                    406.48734177215186,
                    1143.0379746835442,
                    426.2658227848101,
                    1077.0569620253164,
                    418.19620253164555,
                    1080.0632911392404,
                    397.94303797468353
                ]
            ],
            "iscrowd": 0,
            "area": 1334.434085082612,
            "bbox": [
                1077.0,
                397.0,
                68.0,
                29.0
            ],
            "caption": "AD 9428 JM"
        },
        {
            "image_id": 34,
            "label_id": 0,
            "id": 35,
            "segmentation": [
                [
                    1060.3478260869565,
                    370.60869565217394,
                    1116.3478260869565,
                    377.9130434782609,
                    1115.304347826087,
                    396.17391304347825,
                    1058.2608695652175,
                    388.8695652173913
                ]
            ],
            "iscrowd": 0,
            "area": 1043.5689981097821,
            "bbox": [
                1058.0,
                370.0,
                58.0,
                26.0
            ],
            "caption": "AD 9428 JM"
        },
        {
            "image_id": 35,
            "label_id": 0,
            "id": 36,
            "segmentation": [
                [
                    1048.2926829268295,
                    354.63414634146346,
                    1100.4878048780488,
                    360.4878048780488,
                    1098.048780487805,
                    377.56097560975616,
                    1045.8536585365855,
                    369.26829268292687
                ]
            ],
            "iscrowd": 0,
            "area": 844.7352766210679,
            "bbox": [
                1045.0,
                354.0,
                55.0,
                23.0
            ],
            "caption": "AD 9428 JM"
        },
        {
            "image_id": 36,
            "label_id": 0,
            "id": 37,
            "segmentation": [
                [
                    1049.4117647058824,
                    357.05882352941177,
                    1101.764705882353,
                    364.11764705882354,
                    1098.8235294117646,
                    382.3529411764706,
                    1048.235294117647,
                    374.11764705882354
                ]
            ],
            "iscrowd": 0,
            "area": 924.0484429065837,
            "bbox": [
                1048.0,
                357.0,
                53.0,
                25.0
            ],
            "caption": "AD 9428 JM"
        },
        {
            "image_id": 37,
            "label_id": 0,
            "id": 38,
            "segmentation": [
                [
                    1068.6147186147186,
                    380.4112554112554,
                    1127.5974025974026,
                    389.0692640692641,
                    1125.4329004329004,
                    408.3333333333333,
                    1066.3419913419914,
                    399.13419913419915
                ]
            ],
            "iscrowd": 0,
            "area": 1141.124838365009,
            "bbox": [
                1066.0,
                380.0,
                61.0,
                28.0
            ],
            "caption": "AD 9428 JM"
        },
        {
            "image_id": 38,
            "label_id": 0,
            "id": 39,
            "segmentation": [
                [
                    1063.4199134199134,
                    375.1082251082251,
                    1120.6709956709956,
                    382.79220779220776,
                    1118.939393939394,
                    400.54112554112555,
                    1060.8225108225108,
                    392.74891774891773
                ]
            ],
            "iscrowd": 0,
            "area": 1037.4559603454545,
            "bbox": [
                1060.0,
                375.0,
                60.0,
                25.0
            ],
            "caption": "AD 9428 JM"
        },
        {
            "image_id": 39,
            "label_id": 0,
            "id": 40,
            "segmentation": [
                [
                    1157.36137667304,
                    418.5468451242829,
                    1155.0669216061185,
                    439.3881453154875,
                    1086.2332695984703,
                    430.59273422562137,
                    1089.6749521988527,
                    409.1778202676864
                ]
            ],
            "iscrowd": 0,
            "area": 1468.2538231777726,
            "bbox": [
                1086.0,
                409.0,
                71.0,
                30.0
            ],
            "caption": "AD 9428 JM"
        },
        {
            "image_id": 40,
            "label_id": 0,
            "id": 41,
            "segmentation": [
                [
                    1047.3684210526314,
                    349.39271255060726,
                    1097.1659919028339,
                    357.89473684210526,
                    1094.331983805668,
                    374.49392712550605,
                    1043.7246963562752,
                    364.7773279352226
                ]
            ],
            "iscrowd": 0,
            "area": 832.3362126898719,
            "bbox": [
                1043.0,
                349.0,
                54.0,
                25.0
            ],
            "caption": "AD 9428 JM"
        }
    ]
}